20200305,1EfMVkxQQuZfBdocpJu6RUsCJvenQWbQyE,OFACSanctionsList
20200305,17UVSMegvrzfobKC82dHXpZLtLcqzW9stF,OFACSanctionsList
20200305,39eboeqYNFe2VoLC3mUGx4dh6GNhLB3D2q,OFACSanctionsList
20200305,39fhoB2DohisGBbHvvfmkdPdShT75CNHdX,OFACSanctionsList
20200305,3E6rY4dSCDW6y2bzJNwrjvTtdmMQjB6yeh,OFACSanctionsList
20200305,3EeR8FbcPbkcGj77D6ttneJxmsr3Nu7KGV,OFACSanctionsList
20200305,3HQRveQzPifZorZLDXHernc5zjoZax8U9f,OFACSanctionsList
20200305,3JXKQ81JzBqVbB8VHdV9Jtd7auWokkdPgY,OFACSanctionsList
20200305,3KHfXU24Bt3YD5Ef4J7uNp2buCuhrxfGen,OFACSanctionsList
20200305,3LbDu1rUXHNyiz4i8eb3KwkSSBMf7C583D,OFACSanctionsList
20200305,3MN8nYo1tt5hLxMwMbxDkXWd7Xu522hb9P,OFACSanctionsList
20200305,3N6WeZ6i34taX8Ditser6LKWBcXmt2XXL4,OFACSanctionsList
20200305,134r8iHv69xdT6p5qVKTsHrcUEuBVZAYak,OFACSanctionsList
20200305,14kqryJUxM3a7aEi117KX9hoLUw592WsMR,OFACSanctionsList
20200305,15YK647qtoZQDzNrvY6HJL6QwXduLHfT28,OFACSanctionsList
20200305,1F2Gdug9ib9NQMhKMGGJczzMk5SuENoqrp,OFACSanctionsList
20200305,1PfwHNxUnkpfkK9MKjMqzR3Xq3KCtq9u17,OFACSanctionsList
20200305,1AXUTu9y3H8w4wYx4BjyFWgRhZKDhmcMrn,OFACSanctionsList
20200305,1Hn9ErTCPRP6j5UDBeuXPGuq5RtRjFJxJQ,OFACSanctionsList
20200305,3F2sZ4jbhvDKQdGbHYPC6ZxFXEau2m5Lqj,OFACSanctionsList
20200306,0xBeE7853cB00B240929d75F923c7B8D62Bb8D6673,DOJCivilForfeitureFiling
20200306,0x0a28b41C4b8CD2390494e0349B068f0562E87986,DOJCivilForfeitureFiling
20200306,0x1245C2Dc54Dfed6F79a078A2424F45cdaB47Cc25,DOJCivilForfeitureFiling
20200306,0x16a02ceC301d61A37C2935e355Fe93F4660f50F8,DOJCivilForfeitureFiling
20200306,0x1C2D9f510A79C9A7fc8A7E9fD8487Fd66CA47DAc,DOJCivilForfeitureFiling
20200306,0x2F3FFef70A59BC688b1037881d42a4276E8714F1,DOJCivilForfeitureFiling
20200306,0x571bC459f3430A00861b77aa9873f4268e350Cf7,DOJCivilForfeitureFiling
20200306,0x5db0ca9D5057F6C62178771Fe967789DE8214bf5,DOJCivilForfeitureFiling
20200306,0x649982b2e8b2e23dbdb024bBc76aB8625B326965,DOJCivilForfeitureFiling
20200306,0x6eDfa4055fcfd53a90145037B41fBFc7D963a96D,DOJCivilForfeitureFiling
20200306,0xA10F87EdB2FE6F910F6595e79177236CaAd3a8bA,DOJCivilForfeitureFiling
20200306,0xA39528bC1ec1992baA8bf7a6B7CA262053De7b6E,DOJCivilForfeitureFiling
20200306,0xa8D24c26E6b272040ef3505D3038575CF5F16B35,DOJCivilForfeitureFiling
20200306,0xC79Ee5c784e89b69BBB5b1a7288111f4395942Cc,DOJCivilForfeitureFiling
20200306,0xd434486Fd19d1098663194889a4717e8047d6DA5,DOJCivilForfeitureFiling
20200306,0xE7192668b244Fd20aC8447C758Fbc1AC1109885A,DOJCivilForfeitureFiling
20200306,0xf24D59CF8A22293E9c7626e17dE7331272aF4385,DOJCivilForfeitureFiling
20200306,0xF288eAD5257B6b9D0BABAfD1E6BcF5524d600897,DOJCivilForfeitureFiling
20200306,0xdadb6B7c7A075F11Fd0b3727c8A2C0937ba288DA,DOJCivilForfeitureFiling
20200306,0x09a66a888e9C454683De5790066A26249195d06B,DOJCivilForfeitureFiling
20200306,0x9654380B76636a04a463BC65b2eCE4854BE8F221,DOJCivilForfeitureFiling
20200306,0xa0174BCdAeFC58CA89edb800963C7DfF9273f0C3,DOJCivilForfeitureFiling
20200306,0x8A710F209744985999AbD9e400c5d5282287D515,DOJCivilForfeitureFiling
20200306,0xfc38b48cC00d71F5Fad28e9bbf812A0dc89131d3,DOJCivilForfeitureFiling
20200306,0xB0dEd65f252feF4825Bf66A8E11017deea621770,DOJCivilForfeitureFiling
20200306,0xd4Bd4AdD6c39693056eF8505298b318b585aCFAa,DOJCivilForfeitureFiling
20200306,0x40aF83D50fb8Ca47d759eC775479Eb3976C76DF4,DOJCivilForfeitureFiling
20200306,0x6Df26eCa0A339242414487754FE8e26a92D11e00,DOJCivilForfeitureFiling
20200306,0x4be124c42Ed71eD0177e5b5e45F06A387b4296EA,DOJCivilForfeitureFiling
20200306,0xc25Ca97987D1D9cfe505c3A3e28d533B4Cf19EA1,DOJCivilForfeitureFiling
20200306,13582daSueZgFoxyUdXLkUZLazoPkoonYj,DOJCivilForfeitureFiling
20200306,34pQ6Bp1wNFXbFvHHDcKonBHuMK2hVWrVW,DOJCivilForfeitureFiling
20200306,3MWvuBffavZeaSjPKYDdkUZQQuwJH1JQcN,DOJCivilForfeitureFiling
20200306,0x8bdd991a7b8e2fe1bfcb6b19ac3cf3e146cba415,OriginalDOJCivilForfeitureFiling
20200306,1FKMe2Nyue2SDufB4RciiXsEEpAxtuBxD3,OriginalDOJCivilForfeitureFiling
20200306,0xc4f9ee31626c8dee0ec02744732051e8b416e63e,OriginalDOJCivilForfeitureFiling
20200306,0xa4b994f1ba984371ecca18556fe1531412d5c337,OriginalDOJCivilForfeitureFiling
20200305,19YVKCETP8yHX2m2VbEByVgWgJUAZd5tnS,OriginalDOJCivilForfeitureFiling
20200305,1K1fa3ydmpWMuX8gWHk5W6gnVFX7nGQJsu,OriginalDOJCivilForfeitureFiling
20200305,17KS1C6DxViF68YASAhWUrnaCtxzbMq7CB,OriginalDOJCivilForfeitureFiling
20200305,1MP62xKDtbL79wQ8f8LbAg9dPpUHFTEVbJ,OriginalDOJCivilForfeitureFiling
20200305,1GsAS3z7eG4Vw2QbyVqnR7cRQmpeRsCpt1,OriginalDOJCivilForfeitureFiling
20200305,1K7cMd9RgwhThXi6VDu3Roti2W4241MLfG,OriginalDOJCivilForfeitureFiling
20200305,1FhsTJ7hQKvpFXPRFFjsFPHQT4pQMQpgw1,OriginalDOJCivilForfeitureFiling
20200305,1FzKR8XDmdrTRYfMcZRf3NPvSgyrUoG8kq,OriginalDOJCivilForfeitureFiling
20200305,1AsHQhhCYwgd71cxnHA9a8dWeEh22ivdqn,OriginalDOJCivilForfeitureFiling
20200305,1DZdJNQsEutzud3YX28DFXfzKVyEfoN8t2,OriginalDOJCivilForfeitureFiling
20200305,1K83LzD1QR2iUVtHckFMUzzdF3xUhtNdYb,OriginalDOJCivilForfeitureFiling
20200305,1DX3zJV4djK9CgCP48Ym3LEryq5RVdhWH8,OriginalDOJCivilForfeitureFiling
20200305,1EFNjtGnJ7WohXd8L17NGA4N5osKRj98QN,OriginalDOJCivilForfeitureFiling
20200305,1EU4tNd1RbhDCfkiQrtj6nfzxeRxRA9rBm,OriginalDOJCivilForfeitureFiling
20200305,17Wx3A1tmiTnxJ9FAq7em1n6SxtXSG4r5F,OriginalDOJCivilForfeitureFiling
20200305,1QBbEUUhG7CRJzJrSEnUvwrycYZzKB8YEq,OriginalDOJCivilForfeitureFiling
20200305,113vSKMWvuM8Weee2neMScXqdtXFLvy8z7,OriginalDOJCivilForfeitureFiling
20200305,12DCmGuX87aCzxCDneyAxZdVWapuza9UyR,OriginalDOJCivilForfeitureFiling
20200305,12JSAKyUMFMFp2ao5Rqt3s3X4xrQMXMzkr,OriginalDOJCivilForfeitureFiling
20200305,12urwZAF7JvdhiQcYVbNG7VtKP3165pPnf,OriginalDOJCivilForfeitureFiling
20200305,13Bcq6AcWusG3YKsYadBRNwnfezUrhRDER,OriginalDOJCivilForfeitureFiling
20200305,13u7zCciSC7yGKfe8qqvQxK7BnGiwpdAbQ,OriginalDOJCivilForfeitureFiling
20200305,14jP1TjTjrFBVFKUMcGaPjGRHaWAK6QVr7,OriginalDOJCivilForfeitureFiling
20200305,14umE3q9knsWKZhjPgLQyv4rrCNjfXpAuF,OriginalDOJCivilForfeitureFiling
20200305,16RWbMVHvERVUjrh28rRugmrgeDW1nweoo,OriginalDOJCivilForfeitureFiling
20200305,17PSv7hd2cvSmgMTFw8CA3hjdYtGWuPh98,OriginalDOJCivilForfeitureFiling
20200305,18LX9wjgjDbmRZXYhDLzZWCQ3pkUGB6gFf,OriginalDOJCivilForfeitureFiling
20200305,19RfkmQPS3wBF5XhjcZwnbpMkd96GoituJ,OriginalDOJCivilForfeitureFiling
20200305,19V5YCatY8sfdNuskawrGmbrZEohLkqV3d,OriginalDOJCivilForfeitureFiling
20200305,1Ax8m2gy1Ta6vQTMStnWdCh71oMX7Z4nen,OriginalDOJCivilForfeitureFiling
20200305,1Bht2x8Y8tJLpXxqK9LX4ehtLNk6kh3FLk,OriginalDOJCivilForfeitureFiling
20200305,1C3K6yYxr1xomotxkEbMLAcm3jVKDSyFBd,OriginalDOJCivilForfeitureFiling
20200305,1C4hPundX3pBSiNbhkLpuLp246Ggc8gmwx,OriginalDOJCivilForfeitureFiling
20200305,1C5S12fBSmeVedaEAqQzFf29H9hUucojPA,OriginalDOJCivilForfeitureFiling
20200305,1JCWsAC86pokjDrvQsRWoU2jm9qA9Wc4qh,OriginalDOJCivilForfeitureFiling
20200305,1K2FgtrdGk767RoLf8dN8tr5XsVc5st6RZ,OriginalDOJCivilForfeitureFiling
20200305,1L5mPKvfKzGY2J99HtpoefxqbpLDxyMAZq,OriginalDOJCivilForfeitureFiling
20200305,1LcsVyCd6yEyibDQS2WcxzTBT1iJGAqLhS,OriginalDOJCivilForfeitureFiling
20200305,1MVkopW6PPWZtSAtP4295B6KfH93YKToZU,OriginalDOJCivilForfeitureFiling
20200305,1Nmd7KBc3P6RgYcZ5n8ftdbw7z4jEzUSVj,OriginalDOJCivilForfeitureFiling
20200305,1NMpPj2zUSPodncvZGp7owP2nttAgyFuY3,OriginalDOJCivilForfeitureFiling
20200305,17UwTn7cVxu5ivkBnkPo83Gjtowi8dx75Q,OriginalDOJCivilForfeitureFiling
20200305,1A3uGGvHFBauSmjZvdZFF6gjc8VSjgF7UY,OriginalDOJCivilForfeitureFiling
20200305,1Bm659Wu5xVppUNRh7jKNFMboTbDepgmbm,OriginalDOJCivilForfeitureFiling
20200305,18atn6kuyKzhnsWK554Uj6j1PAv3sPmx2p,OriginalDOJCivilForfeitureFiling
20200305,18YNDeHouezsyxcvntohev9kANrMXiGBxr,OriginalDOJCivilForfeitureFiling
20200305,1CD483mLYrMJwZF5drZnoPKSBbFTMSVvGf,OriginalDOJCivilForfeitureFiling
20200305,1P8y7bj28tsq76anvKLgmhbbnTc1ZGcUVa,OriginalDOJCivilForfeitureFiling
20200305,1Pa32FPFQJ5VdozwmMGE1ANNWVGB3XQJie,OriginalDOJCivilForfeitureFiling
20200305,15pPmUErhTb8CaWF5x8iQggX3zK1y99ZN1,OriginalDOJCivilForfeitureFiling
20200305,1EFWRRLUM3jy2poCpY7ALq2m7PPakyvns1,OriginalDOJCivilForfeitureFiling
20200305,37JN1EDYCGYVabtofvyKKLtpA6uU3UBMLo,OriginalDOJCivilForfeitureFiling
20200305,39PAYsdx2zi7GUhV71cx1zpp1N8495t58f,OriginalDOJCivilForfeitureFiling
20200305,3ACmZQBNZsDDDs3UGoC6DeKMKHTe9RW1yu,OriginalDOJCivilForfeitureFiling
20200305,3AUHHS4NQjJRAMbjdkeTdLDv9ZFeA9n1o3,OriginalDOJCivilForfeitureFiling
20200305,3GAWA7PvLiHKjcmN2nsrHEpN7Qt9jwMQ4h,OriginalDOJCivilForfeitureFiling
20200305,3HoJydELfq2kyZk9M6yug6CLQmYCS7FrJj,OriginalDOJCivilForfeitureFiling
20200305,3M23QTysjRsfmJz4aDdc9RpaXjVZmbWKEt,OriginalDOJCivilForfeitureFiling
20200305,3Nis34RW9uGV5mbovNidNNsxRTWwwqb1PS,OriginalDOJCivilForfeitureFiling
20200305,LLzTJFu3UcwXRrwaq2gLKnJaWWt3oGHVMK,OriginalDOJCivilForfeitureFiling
20200305,0x01facd1477e6df9e27fe9f0a459aaa0769c9af82,OriginalDOJCivilForfeitureFiling
20200305,0x7175d1fa4461676ab8831483770ff84483f26501,OriginalDOJCivilForfeitureFiling
20200305,0x93d8edbc42e547c571ce5af95f70c291d706925c,OriginalDOJCivilForfeitureFiling
20200305,0xb35dff36ff3d686a63353fa01327f3ff4874cf21,OriginalDOJCivilForfeitureFiling
20200305,bc1q39hkr7ta25e65d7u0pm09l99jvfny4lp3vam4q,OriginalDOJCivilForfeitureFiling
20200305,0x81b34f7a426b31e77e875b8d00d830f8a5b044cb,OriginalDOJCivilForfeitureFiling
20200305,0xfc3D6aee062c45b31e946ba49a7aa5addf1b53c6,OriginalDOJCivilForfeitureFiling
20200305,0xbd72f2cfb28ed38b7cea94e26603983ce028c927,OriginalDOJCivilForfeitureFiling
20200305,0xc137c3135eb8e94aa303d52c607296ba470e1a57,OriginalDOJCivilForfeitureFiling
20250221,0x47666Fab8bd0Ac7003bce3f5C3585383F09486E2,bybitHack_ETH_490K_main
20250221,0xE9bc552fdFa54b30296d95F147e3e0280FF7f7e6,bybitHack_ETH_490K_main
20250221,0xBCA02B395747D62626a65016F2e64A20bd254A39,bybitHack_ETH_490K
20250221,0xD3C611AeD139107DEC2294032da3913BC26507fb,bybitHack_ETH_490K
20250221,0xbdE2Cc5375fa9E0383309A2cA31213f2D6cabcbd,bybitHack_ETH_490K
20250221,0xe69753Ddfbedbd249E703EB374452E78dae1ae49,bybitHack_ETH_490K
20250221,0x9eF42873Ae015AA3da0c4354AeF94a18D2B3407b,bybitHack_ETH_490K
20250221,0x684d4b58Dc32af786BF6D572A792fF7A883428B9,bybitHack_ETH_490K
20250221,0x4C198B3B5F3a4b1Aa706daC73D826c2B795ccd67,bybitHack_ETH_490K
20250221,0x9271EDdda0F0f2bB7b1A0c712bdF8dbD0A38d1Ab,bybitHack_ETH_490K
20250221,0xBC3e5e8C10897a81b63933348f53f2e052F89a7E,bybitHack_ETH_490K
20250221,0x8c7235e1A6EeF91b980D0FcA083347FBb7EE1806,bybitHack_ETH_490K
20250221,0x1bb0970508316DC735329752a4581E0a4bAbc6B4,bybitHack_ETH_490K
20250221,0x660BfcEa3A5FAF823e8f8bF57dd558db034dea1d,bybitHack_ETH_490K
20250221,0x5Af75eAB6BEC227657fA3E749a8BFd55f02e4b1D,bybitHack_ETH_490K
20250221,0x40e98FeEEbaD7Ddb0F0534Ccaa617427eA10187e,bybitHack_ETH_490K
20250221,0x959c4CA19c4532C97A657D82d97acCBAb70e6fb4,bybitHack_ETH_490K
20250221,0x0e8C1E2881F35Ef20343264862A242FB749d6b35,bybitHack_ETH_490K
20250221,0xf0a16603289eAF35F64077Ba3681af41194a1c09,bybitHack_ETH_490K
20250221,0xCd7eC020121Ead6f99855cbB972dF502dB5bC63a,bybitHack_ETH_490K
20250221,0x30a822CDD2782D2B2A12a08526452e885978FA1D,bybitHack_ETH_490K
20250221,0xB4a862A81aBB2f952FcA4C6f5510962e18c7f1A2,bybitHack_ETH_490K
20250221,0x140c9Ab92347734641b1A7c124ffDeE58c20C3E3,bybitHack_ETH_490K
20250221,0x23Db729908137cb60852f2936D2b5c6De0e1c887,bybitHack_ETH_490K
20250221,0xb172F7e99452446f18FF49A71bfEeCf0873003b4,bybitHack_ETH_490K
20250221,0x6d46bd3AfF100f23C194e5312f93507978a6DC91,bybitHack_ETH_490K
20250221,0xB72334cB9D0b614D30C4c60e2bd12fF5Ed03c305,bybitHack_ETH_490K
20250221,0x2290937A4498C96eFfb87b8371a33D108F8D433f,bybitHack_ETH_490K
20250221,0x52207Ec7B1b43AA5DB116931a904371ae2C1619e,bybitHack_ETH_490K
20250221,0x09278b36863bE4cCd3d0c22d643E8062D7a11377,bybitHack_ETH_490K
20250221,0x1eB27f136BFe7947f80d6ceE3Cf0bfDf92b45e57,bybitHack_ETH_490K
20250221,0xfa3FcCCB897079fD83bfBA690E7D47Eb402d6c49,bybitHack_ETH_490K
20250221,0xFc926659Dd8808f6e3e0a8d61B20B871F3Fa6465,bybitHack_ETH_490K
20250221,0x83c7678492D623fb98834F0fbcb2E7b7f5Af8950,bybitHack_ETH_490K
20250221,0x96244D83DC15d36847C35209bBDc5bdDE9bEc3D8,bybitHack_ETH_490K
20250221,0x83Ef5E80faD88288F770152875Ab0bb16641a09E,bybitHack_ETH_490K
20250221,0x51E9d833Ecae4E8D9D8Be17300AEE6D3398C135D,bybitHack_ETH_490K
20250221,0xCd1a4A457cA8b0931c3BF81Df3CFa227ADBdb6E9,bybitHack_ETH_490K
20250221,0xAF620E6d32B1c67f3396EF5d2F7d7642Dc2e6CE9,bybitHack_ETH_490K
20250221,0x3A21F4E6Bbe527D347ca7c157F4233c935779847,bybitHack_ETH_490K
20250221,0x36ed3C0213565530C35115d93A80F9c04d94E4Cb,bybitHack_ETH_490K
20250221,0x55CCa2f5eB07907696afe4b9Db5102bcE5feB734,bybitHack_ETH_490K
20250221,0xf03AfB1c6A11A7E370920ad42e6eE735dBedF0b1,bybitHack_ETH_490K
20250221,0xEB0bAA3A556586192590CAD296b1e48dF62a8549,bybitHack_ETH_490K
20250221,0x1512fcb09463A61862B73ec09B9b354aF1790268,bybitHack_ETH_490K
20250221,0x723a7084028421994d4a7829108D63aB44658315,bybitHack_ETH_490K
20250221,0xA5A023E052243b7cce34Cbd4ba20180e8Dea6Ad6,bybitHack_ETH_490K
20250221,0xD5b58Cf7813c1eDC412367b97876bD400ea5c489,bybitHack_ETH_490K
20250221,0x21032176B43d9f7E9410fB37290a78f4fEd6044C,bybitHack_ETH_490K
20250221,0xF302572594a68aA8F951faE64ED3aE7DA41c72Be,bybitHack_ETH_490K
